tier,show_id,season_id,season_status,source_status,canonical_source_url,raw_receipt_count,candidate_count,canonical_episode_count,manual_review_count,qc_status
1,ATSH,ATSH_2024,completed,configured,https://www.youtube.com/playlist?list=PLxKLMN7WdG5AYDsDPTbq7zZTpOTGH7ay6,1,30,14,0,WARNING
1,ATSH,ATSH_2025,completed,configured,https://www.youtube.com/@VieChannelHTV2/search?query=ANH%20TRAI%20SAY%20HI%202025%20T%E1%BA%ACP,3,75,14,0,WARNING
1,EXSH,EXSH_2025,completed,configured,https://www.youtube.com/playlist?list=PLxKLMN7WdG5D1LrbMdeJMn_fL9FrQbJ6V,1,30,14,0,PASS
1,THSH,THSH_2026,airing,configured,https://www.youtube.com/@VieChannelHTV2/search?query=TINH%20H%C3%80%20SAY%20HI%20T%E1%BA%ACP,4,50,6,0,WARNING
1,ATVNCG,ATVNCG_2024,completed,configured,https://www.youtube.com/playlist?list=PLt3LgMEKzFxy03fvdFk_rEtjfVJfD8pUq,1,15,15,0,PASS
1,ATVNCG,ATVNCG_2026,airing,configured,https://www.youtube.com/playlist?list=PLdWk-MlnCC7M,1,6,6,0,WARNING
1,CDDG,CDDG_2023,completed,configured,https://www.youtube.com/playlist?list=PLt3LgMEKzFxxvhzWqiZPdQsr84wrtmK1A,1,15,15,0,PASS
1,CDDG,CDDG_2024,completed,configured,https://www.youtube.com/playlist?list=PLt3LgMEKzFxz2EslvirjbydcPyz_MZErF,1,15,15,0,PASS
2,RAPVIET,RAPVIET_2020,completed,configured,https://www.youtube.com/channel/UCkna2OcuN1E6u5I8GVtdkOw/search?query=Rap%20Viet%202020%20Tap,2,60,8,0,FAIL
2,RAPVIET,RAPVIET_2021,completed,configured,https://www.youtube.com/channel/UCkna2OcuN1E6u5I8GVtdkOw/search?query=Rap%20Viet%202021%20Tap,2,60,5,0,FAIL
2,RAPVIET,RAPVIET_2023,completed,configured,https://www.youtube.com/playlist?list=PLxKLMN7WdG5DYy2yJiXnhMVnvNN1e31l7,2,32,16,0,WARNING
2,RAPVIET,RAPVIET_2024,completed,configured,https://www.youtube.com/channel/UCkna2OcuN1E6u5I8GVtdkOw/search?query=Rap%20Viet%202024%20Tap,1,60,13,0,FAIL
2,TMSVN,TMSVN_2022,completed,configured,https://www.youtube.com/channel/UCkna2OcuN1E6u5I8GVtdkOw/search?query=Ca%20Si%20Mat%20Na%202022%20Tap,2,65,16,0,PASS
2,TMSVN,TMSVN_2023,completed,configured,https://www.youtube.com/playlist?list=PLxKLMN7WdG5ANJruYBhSGi5UBRUIhQTbi,3,32,16,0,PASS
2,TBTN,TBTN_2025,completed,configured,https://www.youtube.com/playlist?list=PLkdwPUk2nejAsI3DcmBXdLg1dv1M0XhrL,2,17,15,0,PASS
2,OURSONG,OURSONG_2024,completed,configured,https://www.youtube.com/playlist?list=PLy_TpcUT2LZs0BkTqKYtAn61FZgtT3XwP,2,15,14,0,PASS
2,VNIDOL,VNIDOL_2007,completed,missing,,0,0,0,0,NOT_EXTRACTED
2,VNIDOL,VNIDOL_2008,completed,missing,,0,0,0,0,NOT_EXTRACTED
2,VNIDOL,VNIDOL_2010,completed,missing,,0,0,0,0,NOT_EXTRACTED
2,VNIDOL,VNIDOL_2012,completed,missing,,0,0,0,0,NOT_EXTRACTED
2,VNIDOL,VNIDOL_2013,completed,missing,,0,0,0,0,NOT_EXTRACTED
2,VNIDOL,VNIDOL_2015,completed,missing,,0,0,0,0,NOT_EXTRACTED
2,VNIDOL,VNIDOL_2016,completed,missing,,0,0,0,0,NOT_EXTRACTED
2,VNIDOL,VNIDOL_2023,completed,configured,https://www.youtube.com/channel/UCs0N0TBi2j156kZ4AOnnB2g/search?query=Vietnam%20Idol%202023%20Tap,2,65,16,0,PASS
2,NHVDDP,NHVDDP_2024,completed,configured,https://www.youtube.com/playlist?list=PLJSRfYQoW3dlrKn-U263kJN6t8JogGz0r,3,44,15,0,WARNING
3,2N1D,2N1D_S1,completed,configured,https://www.youtube.com/playlist?list=PLY-AuYi7sTugPLS6_J0oa1wFmWkCExstr,2,31,31,0,PASS
3,2N1D,2N1D_S2,completed,configured,https://www.youtube.com/playlist?list=PLY-AuYi7sTugYnwSrAy9DQtC-sAoitZDJ,2,25,19,0,PASS
3,2N1D,2N1D_S3,completed,configured,https://www.youtube.com/playlist?list=PLY-AuYi7sTuiekcFnXNeSR2-r_zPbuiLz,2,30,30,0,PASS
3,2N1D,2N1D_S4,completed,configured,https://www.youtube.com/playlist?list=PLY-AuYi7sTujnjUSFEFLK6a5FX_CQ7_14,3,19,17,0,PASS
3,RMVN,RMVN_S1,completed,configured,https://www.youtube.com/channel/UCSpmT3hpL4J_4ievnGzkmsQ/search?query=Chay%20Di%20Cho%20Chi%20Tap,1,80,9,0,FAIL
3,RMVN,RMVN_S2,completed,configured,https://www.youtube.com/playlist?list=PLG7CUxrpEOnfzfuMy-SQsENMcthLsO_v-,3,32,16,0,PASS
3,RMVN,RMVN_S3,completed,configured,https://www.youtube.com/playlist?list=PLxNMBnO9F8FOdZR7YLDrrT0bk3WaYyApf,2,18,16,0,PASS
3,RMVN,RMVN_2026,airing,configured,https://www.youtube.com/channel/UCjTlq6Z0HG8C7BVI8x5BOnA/search?query=Chay%20Ngay%20Di%20Tap,1,30,14,0,FAIL
3,GDHAHA,GDHAHA_S1,completed,configured,https://www.youtube.com/channel/UCh_zF2FsiCflCPgYDudtcqg/search?query=Gia%20Dinh%20Haha%20Tap,2,86,20,0,WARNING
3,GDHAHA,GDHAHA_S2,upcoming,missing,,0,0,0,0,NOT_STARTED
3,SNN,SNN_S1,completed,configured,https://www.youtube.com/playlist?list=PLC_d5n_vB0CptpsuXpJwuxHpwWxlv1Tme,2,11,8,0,WARNING
3,SNN,SNN_S2,completed,configured,https://www.youtube.com/playlist?list=PLC_d5n_vB0CrwHkJz3hUNhzdEMhzHiIvg,2,10,8,0,WARNING
3,SNN,SNN_S3,completed,configured,https://www.youtube.com/playlist?list=PLC_d5n_vB0Cp3lgS7G06G9w1mChbxZUf_,2,8,8,0,WARNING
3,SNN,SNN_S4,completed,configured,https://www.youtube.com/playlist?list=PLC_d5n_vB0CqCdnDzNstfo0Gsjgkoou5x,2,8,8,0,WARNING
3,SNN,SNN_S5,completed,configured,https://www.youtube.com/playlist?list=PLC_d5n_vB0CoGXjo5DpopjFxHny_Ep9hH,2,10,8,0,WARNING
3,SNN,SNN_S6,completed,configured,https://www.youtube.com/playlist?list=PLC_d5n_vB0CphKjGtYpd6u7LJvJ9l3WCd,2,10,5,0,FAIL
3,SNN,SNN_S7,completed,configured,https://www.youtube.com/playlist?list=PLC_d5n_vB0Co88uDvJGUYQ9npjPoaySdB,2,8,8,0,WARNING
3,SNN,SNN_S8,completed,configured,https://www.youtube.com/playlist?list=PLC_d5n_vB0CqDKc1F_pBYsL8ma1oaAP4n,2,19,8,0,WARNING
3,SNN,SNN_2020,completed,configured,https://www.youtube.com/playlist?list=PLC_d5n_vB0CpiGXxipKjNENU8hkenUgOO,2,36,3,0,FAIL
3,SNN,SNN_2022,completed,configured,https://www.youtube.com/playlist?list=PLC_d5n_vB0CqKPJB_nKNGC5usu-epusl-,4,30,17,0,PASS
3,SNN,SNN_2023,completed,configured,https://www.youtube.com/playlist?list=PLC_d5n_vB0CriKOGYS3OtwqdTUYU8Ex1-,3,26,18,0,PASS
3,SNN,SNN_2024_M,completed,configured,https://www.youtube.com/playlist?list=PLC_d5n_vB0Cr41NjQr7k08taDRxmj_jUG,2,16,16,0,PASS
3,SNN,SNN_2024_F,completed,configured,https://www.youtube.com/playlist?list=PLC_d5n_vB0CoI8qgSX7mPMpAC_nlcbf57,2,16,16,0,WARNING
3,SNN,SNN_2025,completed,configured,https://www.youtube.com/playlist?list=PLC_d5n_vB0Cq3f_8Fj98GNIcl7l7tnjAp,2,16,16,0,PASS
3,SNN,SNN_2026,upcoming,configured,https://www.youtube.com/playlist?list=PLZuraW9kAXuE,2,36,0,0,NOT_STARTED
3,CSQC,CSQC_2025,completed,configured,https://www.youtube.com/channel/UC7TbGjadpjgOfnUoA-iW6Dg/search?query=Chien%20Si%20Qua%20Cam%20Tap,2,64,15,0,PASS
3,DTGT,DTGT_2025,completed,configured,https://www.youtube.com/playlist?list=PLy_TpcUT2LZtKjiN00baVxhHVN1HthDiQ,3,14,12,0,PASS
3,TD1K2,TD1K2_2025,completed,configured,https://www.youtube.com/playlist?list=PLy_TpcUT2LZuLuV_ZdXi-Q84PGwjQ2GR3,2,14,12,0,PASS
3,BTST,BTST_2024,completed,configured,https://www.youtube.com/playlist?list=PLC_d5n_vB0CrecgNHLjt6kxEMlZDeBqp5,2,37,0,0,FAIL
3,HTRR,HTRR_2023,completed,configured,https://www.youtube.com/playlist?list=PLy_TpcUT2LZtT4YxNqO277e2zk-7oUS_6,2,32,20,0,PASS
3,VQLG,VQLG_2025,completed,configured,https://www.youtube.com/playlist?list=PLaHmC9pxzevpEDOuWCKZPWyWhLNCgZFLy,2,80,15,0,PASS
3,BOMD,BOMD_S1,completed,missing,,0,0,0,0,NOT_EXTRACTED
3,BOMD,BOMD_S2,completed,missing,,0,0,0,0,NOT_EXTRACTED
3,BOMD,BOMD_S3,completed,missing,,0,0,0,0,NOT_EXTRACTED
3,BOMD,BOMD_S4,completed,missing,,0,0,0,0,NOT_EXTRACTED
3,BOMD,BOMD_S5,completed,configured,https://www.youtube.com/playlist?list=PLLg_kRqp4Dpq0Gd1snNkyj5FF7hFIpGku,2,15,15,0,PASS
3,BDSS,BDSS_2024,completed,configured,https://www.youtube.com/playlist?list=PLJSRfYQoW3dn5wLuH9xgrMbaazxZdZBZ_,3,31,13,0,WARNING
3,LCHC,LCHC_2023,completed,configured,https://www.youtube.com/playlist?list=PLJSRfYQoW3dmvVTD69QV9X8wpEgxGFfca,4,32,6,0,FAIL
4,MVNBLST,MVNBLST_S1,completed,configured,https://www.youtube.com/channel/UCT4q1IIX1rWoN95I-_89aVw/search?query=Me%20Vang%20Nha%20Mua%201,1,60,14,0,FAIL
4,MVNBLST,MVNBLST_S2,completed,configured,https://www.youtube.com/channel/UCT4q1IIX1rWoN95I-_89aVw/search?query=Me%20Vang%20Nha%20Mua%202,1,60,16,0,FAIL
4,MVNBLST,MVNBLST_S3,completed,configured,https://www.youtube.com/channel/UCT4q1IIX1rWoN95I-_89aVw/search?query=Me%20Vang%20Nha%20Mua%203,1,60,16,0,FAIL
4,MVNBLST,MVNBLST_S4,completed,configured,https://www.youtube.com/channel/UCT4q1IIX1rWoN95I-_89aVw/search?query=Me%20Vang%20Nha%20Mua%204,1,60,18,0,FAIL
4,MVNBLST,MVNBLST_S5,completed,configured,https://www.youtube.com/channel/UCT4q1IIX1rWoN95I-_89aVw/search?query=Me%20Vang%20Nha%20Ba%20La%20Sieu%20Nhan%202026,1,60,18,0,WARNING
4,MAGDV,MAGDV_CONTINUOUS,airing,configured,https://www.youtube.com/playlist?list=PLDNVHSVr-vVkKKgcJr--k4Dtplx8TwHmW,2,195,185,0,FAIL
4,ATCDN,ATCDN_2026,completed,configured,https://www.youtube.com/playlist?list=PLy_TpcUT2LZvcJAmF_eYxx195KpRGmzrB,2,12,12,0,PASS
4,XHTDRLX,XHTDRLX_S1,completed,configured,https://www.youtube.com/playlist?list=PLxNMBnO9F8FNxpfidsVyxNffOg_VhLOOa,2,11,11,0,PASS
4,XHTDRLX,XHTDRLX_S2,completed,configured,https://www.youtube.com/playlist?list=PLxNMBnO9F8FNbuRLhE0V1dYdSqFfA129g,2,14,10,0,WARNING
4,XHTDRLX,XHTDRLX_S3,completed,configured,https://www.youtube.com/playlist?list=PLxNMBnO9F8FMtG4_3bKxsshIs4cpaii3F,2,18,16,0,PASS
4,DUM,DUM_S1,completed,missing,,0,0,0,0,NOT_EXTRACTED
4,DUM,DUM_S2,airing,missing,,0,0,0,0,NOT_EXTRACTED
5,SONG,SONG_2018,completed,configured,https://www.youtube.com/playlist?list=PLxKLMN7WdG5BOtJOsSKTjxXWD_LVCYPYd,2,20,0,0,FAIL
5,SONG,SONG_2019,completed,configured,https://www.youtube.com/channel/UCkna2OcuN1E6u5I8GVtdkOw/search?query=Song%2019,1,30,1,0,PASS
5,SONG,SONG_2020,completed,configured,https://www.youtube.com/playlist?list=PLxKLMN7WdG5DWTxwel5hsaLSOlpzgayQ5,2,3,0,0,FAIL
5,SONG,SONG_2021,completed,configured,https://www.youtube.com/channel/UCkna2OcuN1E6u5I8GVtdkOw/search?query=Song%2021,1,30,1,0,PASS
5,SONG,SONG_2022,completed,configured,https://www.youtube.com/channel/UCkna2OcuN1E6u5I8GVtdkOw/search?query=Song%2022,1,30,1,0,PASS
5,SONG,SONG_2023,completed,configured,https://www.youtube.com/playlist?list=PLxKLMN7WdG5Ddu4T4qbzgUbixCkeS_A5y,2,30,1,0,PASS
5,SONG,SONG_2024,completed,configured,https://www.youtube.com/playlist?list=PLxKLMN7WdG5DgQQKKUMdu2_ZOgfoSMPT7,2,30,1,0,PASS
5,SONG,SONG_2025,completed,configured,https://www.youtube.com/playlist?list=PLxKLMN7WdG5BIwNQgqYSWciQhg-Jtj8yQ,2,8,0,0,FAIL
5,SONG,SONG_2026,completed,configured,https://www.youtube.com/playlist?list=PLxKLMN7WdG5CjEObleDT2wm09IizUC5I6,2,30,1,0,PASS
